Entity,Code,Year,
Afghanistan,AFG,2004,0.000832685
Afghanistan,AFG,2005,0.000884925
Afghanistan,AFG,2006,0.001950741
Afghanistan,AFG,2007,0.001897588
Afghanistan,AFG,2008,0.001849646
Afghanistan,AFG,2009,0.003609042
Afghanistan,AFG,2010,0.005282097
Afghanistan,AFG,2012,0.005029416
Afghanistan,AFG,2013,0.004909715
Afghanistan,AFG,2014,0.004795317
Albania,ALB,2005,0.008510292
Albania,ALB,2007,0.315833823
Albania,ALB,2008,2.027492802
Albania,ALB,2009,2.919536619
Albania,ALB,2010,3.350292352
Albania,ALB,2011,4.065147629
Albania,ALB,2012,5.062738707
Albania,ALB,2013,5.75292813
Albania,ALB,2014,6.573715873
Algeria,DZA,2003,0.054539766
Algeria,DZA,2004,0.107586829
Algeria,DZA,2005,0.397515932
Algeria,DZA,2006,0.492650609
Algeria,DZA,2007,0.817843828
Algeria,DZA,2009,2.248284117
Algeria,DZA,2010,2.428309557
Algeria,DZA,2011,2.597126783
Algeria,DZA,2013,3.264623716
Algeria,DZA,2014,4.006346574
Andorra,AND,2002,1.602479097
Andorra,AND,2003,4.76051981
Andorra,AND,2004,7.945863901
Andorra,AND,2005,12.73161543
Andorra,AND,2006,17.85116699
Andorra,AND,2007,22.78945038
Andorra,AND,2008,25.85001688
Andorra,AND,2009,29.1651305
Andorra,AND,2010,31.45031897
Andorra,AND,2011,33.08675271
Andorra,AND,2012,34.33511996
Andorra,AND,2013,35.00972001
Andorra,AND,2014,35.89385301
Angola,AGO,2006,0.043556955
Angola,AGO,2007,0.066053838
Angola,AGO,2008,0.087046064
Angola,AGO,2009,0.105671104
Angola,AGO,2013,0.350974947
Angola,AGO,2014,0.412783677
Antigua and Barbuda,ATG,2004,2.033823637
Antigua and Barbuda,ATG,2005,7.025979531
Antigua and Barbuda,ATG,2006,1.846238633
Antigua and Barbuda,ATG,2008,5.841896214
Antigua and Barbuda,ATG,2009,18.5561993
Antigua and Barbuda,ATG,2010,8.160902411
Antigua and Barbuda,ATG,2011,6.806425265
Antigua and Barbuda,ATG,2012,14.67401677
Antigua and Barbuda,ATG,2013,17.38845363
Antigua and Barbuda,ATG,2014,15.07100976
Argentina,ARG,2001,0.252190834
Argentina,ARG,2002,0.393328876
Argentina,ARG,2003,0.6817124
Argentina,ARG,2004,1.417113816
Argentina,ARG,2005,2.39786147
Argentina,ARG,2006,4.061956264
Argentina,ARG,2007,6.610501641
Argentina,ARG,2008,7.85042465
Argentina,ARG,2009,8.772380304
Argentina,ARG,2010,9.977251823
Argentina,ARG,2012,12.53095176
Argentina,ARG,2013,14.56555076
Argentina,ARG,2014,14.69005009
Armenia,ARM,2001,0.000196081
Armenia,ARM,2002,0.000262553
Armenia,ARM,2003,0.000329377
Armenia,ARM,2004,0.033050728
Armenia,ARM,2005,0.066005134
Armenia,ARM,2007,0.13043993
Armenia,ARM,2010,3.157959383
Armenia,ARM,2011,5.417223324
Armenia,ARM,2012,7.142041595
Armenia,ARM,2013,8.165718482
Armenia,ARM,2014,9.133475648
Aruba,ABW,2003,1.442045045
Aruba,ABW,2004,7.051710518
Aruba,ABW,2005,12.27019624
Aruba,ABW,2006,13.83814341
Aruba,ABW,2007,15.80335708
Aruba,ABW,2008,18.15203663
Aruba,ABW,2013,18.65689771
Australia,AUS,2001,0.630155388
Australia,AUS,2002,1.309180367
Australia,AUS,2003,2.590070997
Australia,AUS,2004,5.005321616
Australia,AUS,2005,9.824209034
Australia,AUS,2006,18.69106653
Australia,AUS,2008,24.55521678
Australia,AUS,2009,23.69181885
Australia,AUS,2010,24.59328685
Australia,AUS,2011,24.41455206
Australia,AUS,2012,24.88018575
Australia,AUS,2013,25.00154974
Australia,AUS,2014,25.75521148
Austria,AUT,1999,0.635626847
Austria,AUT,2000,2.375234126
Austria,AUT,2001,3.982885766
Austria,AUT,2002,5.573540832
Austria,AUT,2003,7.381186841
Austria,AUT,2004,10.61861746
Austria,AUT,2005,14.24998701
Austria,AUT,2006,17.30013302
Austria,AUT,2007,19.51521651
Austria,AUT,2008,20.72612399
Austria,AUT,2009,22.43894946
Austria,AUT,2010,24.40393415
Austria,AUT,2011,24.87522071
Austria,AUT,2012,25.167924
Austria,AUT,2013,26.26205909
Austria,AUT,2014,27.54494291
Azerbaijan,AZE,2002,0.012077633
Azerbaijan,AZE,2005,0.025503895
Azerbaijan,AZE,2006,0.045643361
Azerbaijan,AZE,2007,0.166474309
Azerbaijan,AZE,2008,0.675853087
Azerbaijan,AZE,2009,1.112809258
Azerbaijan,AZE,2010,5.226055387
Azerbaijan,AZE,2011,10.58273509
Azerbaijan,AZE,2012,14.71264402
Azerbaijan,AZE,2013,18.18868169
Azerbaijan,AZE,2014,19.83281567
Bahamas,BHS,2001,1.36598406
Bahamas,BHS,2002,2.439821511
Bahamas,BHS,2003,3.466466428
Bahamas,BHS,2004,3.971153846
Bahamas,BHS,2005,4.066389537
Bahamas,BHS,2006,4.943358898
Bahamas,BHS,2007,5.993293359
Bahamas,BHS,2008,7.320434059
Bahamas,BHS,2009,8.911061463
Bahamas,BHS,2010,6.852187807
Bahamas,BHS,2011,4.230054241
Bahamas,BHS,2013,4.107331189
Bahrain,BHR,2001,0.168300778
Bahrain,BHR,2002,0.67982543
Bahrain,BHR,2003,1.261174679
Bahrain,BHR,2004,1.822779873
Bahrain,BHR,2005,2.436744913
Bahrain,BHR,2006,4.062038948
Bahrain,BHR,2007,6.611401333
Bahrain,BHR,2008,8.38842405
Bahrain,BHR,2009,11.708639
Bahrain,BHR,2010,12.3779777
Bahrain,BHR,2012,22.41470239
Bahrain,BHR,2013,22.52383515
Bahrain,BHR,2014,21.3949592
Bangladesh,BGD,2007,0.029844924
Bangladesh,BGD,2011,0.306484724
Bangladesh,BGD,2012,0.388157065
Bangladesh,BGD,2013,0.974057518
Bangladesh,BGD,2014,1.194334935
Barbados,BRB,2003,10.08661813
Barbados,BRB,2004,10.88517845
Barbados,BRB,2005,11.67607322
Barbados,BRB,2006,14.11304256
Barbados,BRB,2007,17.06005205
Barbados,BRB,2009,20.53898482
Barbados,BRB,2010,20.03951554
Barbados,BRB,2011,22.22608622
Barbados,BRB,2013,23.81852419
Barbados,BRB,2014,26.97209735
Belarus,BLR,2002,0.000202987
Belarus,BLR,2003,0.00125714
Belarus,BLR,2004,0.007716057
Belarus,BLR,2005,0.016182579
Belarus,BLR,2006,0.118696194
Belarus,BLR,2007,1.77151258
Belarus,BLR,2009,11.46666653
Belarus,BLR,2010,17.5599906
Belarus,BLR,2011,22.2008592
Belarus,BLR,2012,26.91989248
Belarus,BLR,2013,29.7738364
Belarus,BLR,2014,28.84034987
Belgium,BEL,1998,0.106858174
Belgium,BEL,1999,0.22455567
Belgium,BEL,2000,1.404457178
Belgium,BEL,2001,4.465790195
Belgium,BEL,2002,7.886840554
Belgium,BEL,2003,11.96854719
Belgium,BEL,2004,15.51525303
Belgium,BEL,2005,19.13369521
Belgium,BEL,2006,23.15496115
Belgium,BEL,2007,25.56292539
Belgium,BEL,2008,27.68605306
Belgium,BEL,2009,29.02903684
Belgium,BEL,2010,30.82948735
Belgium,BEL,2011,32.1965793
Belgium,BEL,2012,33.3813498
Belgium,BEL,2013,34.48085259
Belgium,BEL,2014,35.99290946
Belize,BLZ,2003,0.363853127
Belize,BLZ,2004,1.066631452
Belize,BLZ,2005,1.846866726
Belize,BLZ,2006,2.596913813
Belize,BLZ,2007,2.613593481
Belize,BLZ,2008,2.741326684
Belize,BLZ,2009,2.770616844
Belize,BLZ,2010,2.888899691
Belize,BLZ,2011,3.066270393
Belize,BLZ,2012,3.077516509
Belize,BLZ,2013,2.982826152
Benin,BEN,2002,0.000283219
Benin,BEN,2003,0.000273948
Benin,BEN,2004,0.001022366
Benin,BEN,2005,0.002395396
Benin,BEN,2006,0.017741099
Benin,BEN,2007,0.0081539
Benin,BEN,2009,0.206270399
Benin,BEN,2010,0.284275229
Benin,BEN,2011,0.383801501
Benin,BEN,2012,0.415503315
Benin,BEN,2013,0.411460328
Benin,BEN,2014,0.397065525
Bermuda,BMU,2005,28.82423562
Bermuda,BMU,2006,36.74868272
Bermuda,BMU,2010,61.73884929
Bhutan,BTN,2008,0.297619478
Bhutan,BTN,2009,0.479460415
Bhutan,BTN,2010,1.210005314
Bhutan,BTN,2011,1.814158746
Bhutan,BTN,2012,2.260110916
Bhutan,BTN,2013,2.716503945
Bhutan,BTN,2014,3.26287437
Bolivia,BOL,2002,0.037655413
Bolivia,BOL,2003,0.06365904
Bolivia,BOL,2004,0.094943081
Bolivia,BOL,2005,0.138678819
Bolivia,BOL,2006,0.184808973
Bolivia,BOL,2007,0.351130621
Bolivia,BOL,2009,0.961974326
Bolivia,BOL,2010,0.944686121
Bolivia,BOL,2011,0.712309475
Bolivia,BOL,2012,1.111898162
Bolivia,BOL,2013,1.444055027
Bolivia,BOL,2014,1.592812978
Bosnia and Herzegovina,BIH,2000,0.000704158
Bosnia and Herzegovina,BIH,2001,0.00175287
Bosnia and Herzegovina,BIH,2002,0.005464931
Bosnia and Herzegovina,BIH,2003,0.038503211
Bosnia and Herzegovina,BIH,2004,0.170760818
Bosnia and Herzegovina,BIH,2005,0.353159985
Bosnia and Herzegovina,BIH,2006,1.032216243
Bosnia and Herzegovina,BIH,2007,2.189153106
Bosnia and Herzegovina,BIH,2008,4.880864788
Bosnia and Herzegovina,BIH,2009,7.580565551
Bosnia and Herzegovina,BIH,2010,10.16404619
Bosnia and Herzegovina,BIH,2011,11.20632758
Bosnia and Herzegovina,BIH,2012,12.24327815
Bosnia and Herzegovina,BIH,2013,13.47773892
Bosnia and Herzegovina,BIH,2014,14.14742312
Botswana,BWA,2005,0.085296713
Botswana,BWA,2006,0.094939513
Botswana,BWA,2007,0.184838347
Botswana,BWA,2008,0.460253015
Botswana,BWA,2009,0.51236989
Botswana,BWA,2010,0.608223766
Botswana,BWA,2011,0.962651149
Botswana,BWA,2012,1.109630672
Botswana,BWA,2013,1.068206916
Botswana,BWA,2014,1.632993833
Brazil,BRA,1998,0.000590067
Brazil,BRA,1999,0.004069617
Brazil,BRA,2000,0.057304982
Brazil,BRA,2001,0.187039248
Brazil,BRA,2002,0.407483497
Brazil,BRA,2003,0.531629332
Brazil,BRA,2004,1.715918235
Brazil,BRA,2005,1.737272082
Brazil,BRA,2006,2.533831747
Brazil,BRA,2007,4.00503848
Brazil,BRA,2008,5.223520654
Brazil,BRA,2009,6.062297331
Brazil,BRA,2010,7.223440846
Brazil,BRA,2011,9.055291779
Brazil,BRA,2012,9.624498717
Brazil,BRA,2013,10.66102504
Brazil,BRA,2014,11.4645539
Brunei,BRN,2001,0.559104018
Brunei,BRN,2002,0.79588461
Brunei,BRN,2003,1.085256851
Brunei,BRN,2004,1.735602014
Brunei,BRN,2005,2.209262809
Brunei,BRN,2006,2.392333005
Brunei,BRN,2007,3.045564178
Brunei,BRN,2009,5.078346856
Brunei,BRN,2010,5.417044255
Brunei,BRN,2011,5.70339867
Brunei,BRN,2012,4.814937002
Brunei,BRN,2013,6.595992187
Brunei,BRN,2014,7.149962784
Bulgaria,BGR,2004,0.08587947
Bulgaria,BGR,2005,2.153628979
Bulgaria,BGR,2006,5.046300256
Bulgaria,BGR,2007,8.317655323
Bulgaria,BGR,2008,11.24105602
Bulgaria,BGR,2009,13.40328493
Bulgaria,BGR,2010,15.22122564
Bulgaria,BGR,2011,17.13862118
Bulgaria,BGR,2012,18.29866618
Bulgaria,BGR,2013,19.68106352
Bulgaria,BGR,2014,20.73750579
Burkina Faso,BFA,2002,0.000406623
Burkina Faso,BFA,2003,0.001145422
Burkina Faso,BFA,2004,0.001181502
Burkina Faso,BFA,2005,0.00286099
Burkina Faso,BFA,2006,0.012407525
Burkina Faso,BFA,2007,0.047291637
Burkina Faso,BFA,2009,0.079145585
Burkina Faso,BFA,2010,0.088190151
Burkina Faso,BFA,2011,0.087919505
Burkina Faso,BFA,2012,0.087046642
Burkina Faso,BFA,2013,0.076540438
Burkina Faso,BFA,2014,0.030890465
Burundi,BDI,2008,0.001855227
Burundi,BDI,2009,0.001792378
Burundi,BDI,2010,0.003812514
Burundi,BDI,2011,0.005209446
Burundi,BDI,2012,0.007127215
Burundi,BDI,2013,0.015094663
Burundi,BDI,2014,0.016217116
Cambodia,KHM,2002,0.000393412
Cambodia,KHM,2003,0.003239431
Cambodia,KHM,2004,0.005931836
Cambodia,KHM,2005,0.007487034
Cambodia,KHM,2006,0.021394234
Cambodia,KHM,2007,0.061466669
Cambodia,KHM,2008,0.119034314
Cambodia,KHM,2009,0.212100698
Cambodia,KHM,2010,0.248285216
Cambodia,KHM,2011,0.150624455
Cambodia,KHM,2012,0.200031672
Cambodia,KHM,2013,0.215709517
Cameroon,CMR,2005,0.0011137
Cameroon,CMR,2006,0.002261989
Cameroon,CMR,2007,0.003351193
Cameroon,CMR,2008,0.004388869
Cameroon,CMR,2009,0.004476733
Cameroon,CMR,2010,0.028868798
Cameroon,CMR,2011,0.050637466
Cameroon,CMR,2012,0.063807537
Cameroon,CMR,2013,0.075941544
Cameroon,CMR,2014,0.07120497
Canada,CAN,1998,0.464490344
Canada,CAN,1999,1.913487734
Canada,CAN,2000,4.596255223
Canada,CAN,2001,9.152287743
Canada,CAN,2002,11.2358667
Canada,CAN,2003,14.28542895
Canada,CAN,2004,16.97056597
Canada,CAN,2005,21.71574744
Canada,CAN,2006,24.66653567
Canada,CAN,2007,27.5128096
Canada,CAN,2008,29.49455524
Canada,CAN,2009,30.48652404
Canada,CAN,2010,31.69731854
Canada,CAN,2011,32.71506237
Canada,CAN,2012,33.5550875
Canada,CAN,2013,34.3771325
Cayman Islands,CYM,2008,33.1304808
Cayman Islands,CYM,2009,33.70796868
Cayman Islands,CYM,2010,33.96206021
Cayman Islands,CYM,2011,33.24322892
Cayman Islands,CYM,2012,33.56783047
Cayman Islands,CYM,2013,34.7993497
Cayman Islands,CYM,2014,39.62617769
Central African Republic,CAF,2011,0.0182588
Central African Republic,CAF,2012,0.013369548
Chad,TCD,2010,0.002824044
Chad,TCD,2012,0.156279937
Chad,TCD,2013,0.114531309
Chad,TCD,2014,0.076685247
Chile,CHL,2000,0.050982238
Chile,CHL,2001,0.426630648
Chile,CHL,2002,1.191274932
Chile,CHL,2003,2.202060084
Chile,CHL,2004,2.961874455
Chile,CHL,2005,4.33673574
Chile,CHL,2006,6.177213165
Chile,CHL,2007,7.725678467
Chile,CHL,2008,8.479367821
Chile,CHL,2009,9.73812612
Chile,CHL,2010,10.43309451
Chile,CHL,2011,11.62001286
Chile,CHL,2012,12.40396834
Chile,CHL,2013,13.11339552
Chile,CHL,2014,14.08366718
China,CHN,2000,0.00176972
China,CHN,2001,0.026110917
China,CHN,2002,0.254646331
China,CHN,2003,0.861139213
China,CHN,2004,1.903186524
China,CHN,2005,2.833458987
China,CHN,2006,3.834644405
China,CHN,2007,4.977279055
China,CHN,2009,7.694963045
China,CHN,2010,9.290704938
China,CHN,2012,12.72147733
China,CHN,2013,13.63406195
Colombia,COL,2000,0.022236713
Colombia,COL,2001,0.03409877
Colombia,COL,2002,0.084646115
Colombia,COL,2003,0.153887852
Colombia,COL,2004,0.298895144
Colombia,COL,2005,0.737965006
Colombia,COL,2006,1.432612621
Colombia,COL,2007,2.712659941
Colombia,COL,2008,3.924626377
Colombia,COL,2009,4.617169769
Colombia,COL,2010,5.690697589
Colombia,COL,2011,7.111784007
Colombia,COL,2012,8.25637629
Colombia,COL,2013,9.39049889
Colombia,COL,2014,10.27275946
Comoros,COM,2004,0.000170827
Comoros,COM,2005,0.000665853
Comoros,COM,2007,0.012959591
Comoros,COM,2008,0.016941556
Comoros,COM,2010,0.048164127
Comoros,COM,2012,0.171845971
Comoros,COM,2013,0.176890724
Comoros,COM,2014,0.210382782
Congo,COG,2011,0.031026949
Congo,COG,2012,0.032095541
Congo,COG,2013,0.009847937
Congo,COG,2014,0.010968294
Costa Rica,CRI,2002,0.219573799
Costa Rica,CRI,2003,0.356688631
Costa Rica,CRI,2004,0.657767073
Costa Rica,CRI,2005,1.03964464
Costa Rica,CRI,2006,1.89703205
Costa Rica,CRI,2007,2.128505256
Costa Rica,CRI,2008,2.425457965
Costa Rica,CRI,2009,3.969510308
Costa Rica,CRI,2010,8.485840051
Costa Rica,CRI,2011,8.860497121
Costa Rica,CRI,2012,9.335410209
Costa Rica,CRI,2013,9.952103438
Costa Rica,CRI,2014,10.44685287
Cote d'Ivoire,CIV,2003,0.002442371
Cote d'Ivoire,CIV,2004,0.004817921
Cote d'Ivoire,CIV,2005,0.007123148
Cote d'Ivoire,CIV,2006,0.056617393
Cote d'Ivoire,CIV,2007,0.055713221
Cote d'Ivoire,CIV,2008,0.054764381
Cote d'Ivoire,CIV,2009,0.053759562
Cote d'Ivoire,CIV,2012,0.232699505
Cote d'Ivoire,CIV,2013,0.277026786
Cote d'Ivoire,CIV,2014,0.278368801
Croatia,HRV,2003,0.077073562
Croatia,HRV,2004,0.595494335
Croatia,HRV,2005,2.647614174
Croatia,HRV,2006,5.750695256
Croatia,HRV,2007,8.858323357
Croatia,HRV,2008,12.1094895
Croatia,HRV,2009,16.49116193
Croatia,HRV,2010,19.3143565
Croatia,HRV,2011,20.64920804
Croatia,HRV,2012,21.34042125
Croatia,HRV,2013,22.25602919
Croatia,HRV,2014,23.04482351
Cuba,CUB,2007,0.017218688
Cuba,CUB,2008,0.01988252
Cuba,CUB,2009,0.025538528
Cuba,CUB,2010,0.032849461
Cuba,CUB,2013,0.047578346
Cyprus,CYP,2001,0.260015539
Cyprus,CYP,2002,0.599973262
Cyprus,CYP,2003,1.005167601
Cyprus,CYP,2004,1.680415822
Cyprus,CYP,2005,3.085069912
Cyprus,CYP,2006,6.017662647
Cyprus,CYP,2007,9.181963983
Cyprus,CYP,2008,13.67352187
Cyprus,CYP,2009,16.14080196
Cyprus,CYP,2010,17.61870461
Cyprus,CYP,2011,19.00103268
Cyprus,CYP,2012,19.53774776
Cyprus,CYP,2013,20.08428222
Cyprus,CYP,2014,21.12738475
Czech Republic,CZE,2000,0.024389297
Czech Republic,CZE,2001,0.06059756
Czech Republic,CZE,2002,0.149793373
Czech Republic,CZE,2003,0.339969851
Czech Republic,CZE,2004,2.311904295
Czech Republic,CZE,2005,6.930749394
Czech Republic,CZE,2006,10.82734966
Czech Republic,CZE,2007,14.47815402
Czech Republic,CZE,2008,16.89986281
Czech Republic,CZE,2009,19.41661007
Czech Republic,CZE,2010,21.42546013
Czech Republic,CZE,2011,23.64613374
Czech Republic,CZE,2012,24.92464623
Czech Republic,CZE,2013,26.68767917
Czech Republic,CZE,2014,27.64199847
Democratic Republic of Congo,COD,2010,0
Democratic Republic of Congo,COD,2013,0.000666532
Democratic Republic of Congo,COD,2014,0.000720875
Denmark,DNK,2000,1.255085202
Denmark,DNK,2001,4.444706728
Denmark,DNK,2002,8.405615652
Denmark,DNK,2003,13.34420613
Denmark,DNK,2004,18.84936681
Denmark,DNK,2005,24.80493539
Denmark,DNK,2006,31.89379817
Denmark,DNK,2007,34.81523995
Denmark,DNK,2008,36.49277743
Denmark,DNK,2009,36.61391489
Denmark,DNK,2010,38.05479378
Denmark,DNK,2011,38.44225815
Denmark,DNK,2012,38.93602084
Denmark,DNK,2013,40.33816116
Denmark,DNK,2014,41.37934153
Djibouti,DJI,2000,0.000553337
Djibouti,DJI,2001,0.000681448
Djibouti,DJI,2002,0.000805981
Djibouti,DJI,2005,0.005408294
Djibouti,DJI,2006,0.019300509
Djibouti,DJI,2007,0.136723885
Djibouti,DJI,2009,0.643049649
Djibouti,DJI,2010,0.966145346
Djibouti,DJI,2011,1.334914474
Djibouti,DJI,2012,1.734073788
Djibouti,DJI,2013,2.02822213
Djibouti,DJI,2014,2.268047518
Dominica,DMA,2000,0.11481221
Dominica,DMA,2001,0.251220212
Dominica,DMA,2002,3.206028135
Dominica,DMA,2003,3.784007537
Dominica,DMA,2004,4.625666548
Dominica,DMA,2005,4.819823651
Dominica,DMA,2006,6.082897157
Dominica,DMA,2010,11.67816544
Dominica,DMA,2011,11.63429084
Dominica,DMA,2012,11.85759723
Dominica,DMA,2013,14.8146605
Dominica,DMA,2014,15.75869839
Dominican Republic,DOM,2003,0.165356346
Dominican Republic,DOM,2004,0.404642402
Dominican Republic,DOM,2005,0.649380812
Dominican Republic,DOM,2006,1.085315756
Dominican Republic,DOM,2007,1.807090265
Dominican Republic,DOM,2008,2.452443259
Dominican Republic,DOM,2009,3.192882829
Dominican Republic,DOM,2010,3.898501687
Dominican Republic,DOM,2011,4.177530486
Dominican Republic,DOM,2012,4.706070215
Dominican Republic,DOM,2013,5.062640328
Dominican Republic,DOM,2014,5.698533776
Ecuador,ECU,2001,0.020522861
Ecuador,ECU,2002,0.04987705
Ecuador,ECU,2003,0.052079074
Ecuador,ECU,2004,0.085888993
Ecuador,ECU,2005,0.194423643
Ecuador,ECU,2006,0.328020752
Ecuador,ECU,2007,0.700849577
Ecuador,ECU,2008,1.074928878
Ecuador,ECU,2009,1.634765984
Ecuador,ECU,2010,1.475361228
Ecuador,ECU,2011,4.321803831
Ecuador,ECU,2012,5.445969679
Ecuador,ECU,2013,6.725512804
Ecuador,ECU,2014,7.814584793
Egypt,EGY,2002,0.074575149
Egypt,EGY,2003,0.078997614
Egypt,EGY,2004,0.11221923
Egypt,EGY,2005,0.196438508
Egypt,EGY,2006,0.354190066
Egypt,EGY,2007,0.643182973
Egypt,EGY,2008,1.019637571
Egypt,EGY,2009,1.363871946
Egypt,EGY,2010,1.859256987
Egypt,EGY,2011,2.324211721
Egypt,EGY,2012,2.835381399
Egypt,EGY,2013,3.26149297
Egypt,EGY,2014,3.679095785
El Salvador,SLV,2003,0.325092224
El Salvador,SLV,2004,0.484620838
El Salvador,SLV,2005,0.696809143
El Salvador,SLV,2006,1.008481321
El Salvador,SLV,2007,1.465975889
El Salvador,SLV,2008,2.00704642
El Salvador,SLV,2009,2.416210667
El Salvador,SLV,2010,2.818727943
El Salvador,SLV,2011,3.292711503
El Salvador,SLV,2013,4.485924825
Equatorial Guinea,GNQ,2005,0.029818702
Equatorial Guinea,GNQ,2006,0.028961396
Equatorial Guinea,GNQ,2007,0.028141797
Equatorial Guinea,GNQ,2010,0.170361422
Equatorial Guinea,GNQ,2012,0.201006117
Equatorial Guinea,GNQ,2013,0.4647206
Eritrea,ERI,2008,0.000817515
Eritrea,ERI,2009,0.001259471
Eritrea,ERI,2010,0.002055334
Eritrea,ERI,2011,0.002376597
Eritrea,ERI,2012,0.003017491
Eritrea,ERI,2013,0.002305335
Estonia,EST,2001,1.28812155
Estonia,EST,2002,3.450389337
Estonia,EST,2003,6.741557934
Estonia,EST,2004,10.41174898
Estonia,EST,2005,13.52338519
Estonia,EST,2006,18.71266282
Estonia,EST,2007,20.17678264
Estonia,EST,2008,22.53050289
Estonia,EST,2009,24.07010165
Estonia,EST,2010,26.79046278
Estonia,EST,2011,26.95608645
Estonia,EST,2012,27.07723559
Estonia,EST,2013,28.04021904
Estonia,EST,2014,27.36773147
Ethiopia,ETH,2003,0.0000792
Ethiopia,ETH,2004,0.0000473
Ethiopia,ETH,2005,0.0000801
Ethiopia,ETH,2006,0.000333373
Ethiopia,ETH,2007,0.001287905
Ethiopia,ETH,2008,0.001810674
Ethiopia,ETH,2009,0.004123151
Ethiopia,ETH,2010,0.004715525
Ethiopia,ETH,2011,0.007106815
Ethiopia,ETH,2012,0.009304597
Ethiopia,ETH,2013,0.252991591
Ethiopia,ETH,2014,0.488347718
Faeroe Islands,FRO,2001,0.114564549
Faeroe Islands,FRO,2002,0.238738456
Faeroe Islands,FRO,2003,0.815599901
Faeroe Islands,FRO,2004,6.42450084
Faeroe Islands,FRO,2005,11.93726224
Faeroe Islands,FRO,2006,26.56736957
Faeroe Islands,FRO,2007,29.18634217
Faeroe Islands,FRO,2008,29.995363
Faeroe Islands,FRO,2009,32.02016129
Faeroe Islands,FRO,2010,32.63145156
Faeroe Islands,FRO,2012,32.97378096
Faeroe Islands,FRO,2014,34.98180348
Fiji,FJI,2005,0.851080386
Fiji,FJI,2006,1.026495665
Fiji,FJI,2007,1.376599249
Fiji,FJI,2010,2.701732246
Fiji,FJI,2011,2.678815238
Fiji,FJI,2012,1.54514131
Fiji,FJI,2013,1.240203617
Fiji,FJI,2014,1.400972011
Finland,FIN,2000,0.676134873
Finland,FIN,2001,2.582719295
Finland,FIN,2002,5.259353428
Finland,FIN,2003,9.420294164
Finland,FIN,2004,15.30122372
Finland,FIN,2005,22.38119781
Finland,FIN,2006,27.12698638
Finland,FIN,2007,30.55404864
Finland,FIN,2008,30.42327271
Finland,FIN,2009,29.29680739
Finland,FIN,2010,29.05158697
Finland,FIN,2011,29.80098288
Finland,FIN,2012,30.46335135
Finland,FIN,2013,31.7010248
Finland,FIN,2014,32.30460125
France,FRA,1998,0.022962174
France,FRA,1999,0.093387057
France,FRA,2000,0.332022835
France,FRA,2001,1.009216098
France,FRA,2002,2.756140227
France,FRA,2003,5.897109155
France,FRA,2004,10.75534777
France,FRA,2005,15.41379171
France,FRA,2006,20.55291596
France,FRA,2007,25.31711617
France,FRA,2008,28.50400464
France,FRA,2009,31.56707101
France,FRA,2010,33.74459556
France,FRA,2011,35.77893103
France,FRA,2012,37.50591895
France,FRA,2013,38.79219701
France,FRA,2014,40.17556645
French Polynesia,PYF,2001,0.010361578
French Polynesia,PYF,2002,0.013059519
French Polynesia,PYF,2003,0.380628963
French Polynesia,PYF,2004,1.807307862
French Polynesia,PYF,2005,4.315688705
French Polynesia,PYF,2006,7.074818318
French Polynesia,PYF,2007,9.064337593
French Polynesia,PYF,2008,10.52621568
French Polynesia,PYF,2009,11.31448465
French Polynesia,PYF,2010,12.02954507
French Polynesia,PYF,2011,13.2903121
French Polynesia,PYF,2012,14.68149912
French Polynesia,PYF,2014,17.43884789
Gabon,GAB,2003,0.0129197
Gabon,GAB,2004,0.048250905
Gabon,GAB,2005,0.110912564
Gabon,GAB,2006,0.124778206
Gabon,GAB,2007,0.137005419
Gabon,GAB,2010,0.262301908
Gabon,GAB,2012,0.306265206
Gabon,GAB,2013,0.532388672
Gabon,GAB,2014,0.631101377
Gambia,GMB,2004,0.00258633
Gambia,GMB,2005,0.0049424
Gambia,GMB,2007,0.017588528
Gambia,GMB,2008,0.0190116
Gambia,GMB,2010,0.0208254
Gambia,GMB,2011,0.025187813
Gambia,GMB,2013,0.02368483
Gambia,GMB,2014,0.124780377
Georgia,GEO,2001,0.009183541
Georgia,GEO,2002,0.019905505
Georgia,GEO,2003,0.030887605
Georgia,GEO,2004,0.042079339
Georgia,GEO,2005,0.053404169
Georgia,GEO,2006,0.607283078
Georgia,GEO,2007,1.055901196
Georgia,GEO,2008,2.541211313
Georgia,GEO,2009,3.40824427
Georgia,GEO,2010,4.15688201
Georgia,GEO,2011,5.681096496
Georgia,GEO,2012,10.62474273
Georgia,GEO,2013,11.90839677
Georgia,GEO,2014,12.15300027
Germany,DEU,2000,0.317317923
Germany,DEU,2001,2.512458775
Germany,DEU,2002,3.829830761
Germany,DEU,2003,5.334862263
Germany,DEU,2004,8.348356001
Germany,DEU,2005,12.86655235
Germany,DEU,2006,17.88529494
Germany,DEU,2007,23.63207107
Germany,DEU,2008,27.23706145
Germany,DEU,2009,30.01174258
Germany,DEU,2010,31.51381366
Germany,DEU,2011,32.88230317
Germany,DEU,2012,33.76408109
Germany,DEU,2013,34.60066291
Germany,DEU,2014,35.77980739
Ghana,GHA,2004,0.004319548
Ghana,GHA,2005,0.008903839
Ghana,GHA,2006,0.058087882
Ghana,GHA,2007,0.071904667
Ghana,GHA,2008,0.099436875
Ghana,GHA,2009,0.11987827
Ghana,GHA,2010,0.214669301
Ghana,GHA,2011,0.262478432
Ghana,GHA,2012,0.268590866
Ghana,GHA,2013,0.265570614
Ghana,GHA,2014,0.265371483
Greece,GRC,2003,0.094962457
Greece,GRC,2004,0.466276319
Greece,GRC,2005,1.450083239
Greece,GRC,2006,4.416913654
Greece,GRC,2007,9.19387065
Greece,GRC,2008,13.59732413
Greece,GRC,2009,17.2698168
Greece,GRC,2010,20.27590642
Greece,GRC,2011,22.16368744
Greece,GRC,2012,24.17541819
Greece,GRC,2013,26.17895056
Greece,GRC,2014,28.36049985
Greenland,GRL,2003,0.209758161
Greenland,GRL,2004,5.836746893
Greenland,GRL,2005,12.51558302
Greenland,GRL,2006,16.18972332
Greenland,GRL,2009,22.16761831
Greenland,GRL,2010,21.9113642
Greenland,GRL,2011,20.99918765
Greenland,GRL,2012,20.03979784
Grenada,GRD,2002,0.551425577
Grenada,GRD,2004,0.593249233
Grenada,GRD,2005,3.1296442
Grenada,GRD,2006,5.368971528
Grenada,GRD,2007,7.336898809
Grenada,GRD,2008,8.615248432
Grenada,GRD,2009,11.86143284
Grenada,GRD,2010,13.79195048
Grenada,GRD,2013,16.99764866
Guam,GUM,2001,1.118804222
Guam,GUM,2007,1.705288288
Guatemala,GTM,2005,0.213787942
Guatemala,GTM,2006,0.300106792
Guatemala,GTM,2007,0.427994408
Guatemala,GTM,2008,0.692393569
Guatemala,GTM,2009,1.11516287
Guatemala,GTM,2010,1.805938204
Guatemala,GTM,2012,1.858417694
Guatemala,GTM,2013,2.351591843
Guinea,GIN,2010,0.004597264
Guinea,GIN,2013,0.0068113
Guinea-Bissau,GNB,2010,0.050421524
Guinea-Bissau,GNB,2012,0.072314882
Guinea-Bissau,GNB,2013,0.085198518
Guinea-Bissau,GNB,2014,0.079906152
Guyana,GUY,2005,0.26286943
Guyana,GUY,2007,0.306591191
Guyana,GUY,2009,0.873562041
Guyana,GUY,2010,1.423817556
Guyana,GUY,2011,2.597100452
Guyana,GUY,2012,3.769445377
Guyana,GUY,2013,4.614732377
Guyana,GUY,2014,5.627260703
Haiti,HTI,2014,0
Honduras,HND,2010,0.013121286
Honduras,HND,2011,0.736690735
Honduras,HND,2012,0.772154601
Honduras,HND,2013,0.851983924
Honduras,HND,2014,1.385867068
Hong Kong,HKG,1998,0.166876096
Hong Kong,HKG,1999,1.28429809
Hong Kong,HKG,2000,6.502274004
Hong Kong,HKG,2001,10.3940342
Hong Kong,HKG,2002,15.03158456
Hong Kong,HKG,2003,18.35867589
Hong Kong,HKG,2004,22.00733616
Hong Kong,HKG,2005,24.05645262
Hong Kong,HKG,2006,25.99226616
Hong Kong,HKG,2007,27.38288399
Hong Kong,HKG,2008,27.77729939
Hong Kong,HKG,2009,29.30490243
Hong Kong,HKG,2010,30.74983609
Hong Kong,HKG,2011,32.39689537
Hong Kong,HKG,2012,31.54565585
Hong Kong,HKG,2013,31.02823274
Hong Kong,HKG,2014,31.24945847
Hungary,HUN,2000,0.033254719
Hungary,HUN,2001,0.307803059
Hungary,HUN,2002,1.096100728
Hungary,HUN,2003,2.606040893
Hungary,HUN,2004,4.06321606
Hungary,HUN,2005,6.454945759
Hungary,HUN,2006,11.90024786
Hungary,HUN,2007,14.45723028
Hungary,HUN,2008,17.62456478
Hungary,HUN,2009,19.70595237
Hungary,HUN,2010,21.56265736
Hungary,HUN,2011,23.13965059
Hungary,HUN,2012,24.01752372
Hungary,HUN,2013,26.08914508
Hungary,HUN,2014,27.34666959
Iceland,ISL,1999,0.029097336
Iceland,ISL,2000,0.838507329
Iceland,ISL,2001,3.669698933
Iceland,ISL,2002,8.458538523
Iceland,ISL,2003,14.33853583
Iceland,ISL,2004,19.02104581
Iceland,ISL,2005,26.29092318
Iceland,ISL,2006,29.17859744
Iceland,ISL,2007,32.8000341
Iceland,ISL,2008,34.26601679
Iceland,ISL,2009,34.1206613
Iceland,ISL,2010,34.33886091
Iceland,ISL,2011,34.64782085
Iceland,ISL,2012,34.80561088
Iceland,ISL,2013,35.64628947
Iceland,ISL,2014,35.9154697
India,IND,2001,0.004719203
India,IND,2002,0.007653809
India,IND,2003,0.012832666
India,IND,2004,0.021159236
India,IND,2005,0.11959435
India,IND,2006,0.20117392
India,IND,2007,0.270038204
India,IND,2009,0.650824488
India,IND,2010,0.91156066
India,IND,2011,1.093323336
India,IND,2012,1.211477217
India,IND,2013,1.192172985
India,IND,2014,1.242347564
Indonesia,IDN,2000,0.001914437
Indonesia,IDN,2001,0.007076461
Indonesia,IDN,2002,0.017810782
Indonesia,IDN,2003,0.028238019
Indonesia,IDN,2004,0.038365287
Indonesia,IDN,2005,0.048200092
Indonesia,IDN,2006,0.08535732
Indonesia,IDN,2007,0.33716956
Indonesia,IDN,2008,0.419034913
Indonesia,IDN,2009,0.784810045
Indonesia,IDN,2010,0.94746107
Indonesia,IDN,2011,1.122379247
Indonesia,IDN,2013,1.301419482
Indonesia,IDN,2014,1.190284513
Iran,IRN,2000,0.000267027
Iran,IRN,2001,0.000988668
Iran,IRN,2002,0.023876644
Iran,IRN,2003,0.027282076
Iran,IRN,2006,0.140891537
Iran,IRN,2007,0.278515771
Iran,IRN,2008,0.412876876
Iran,IRN,2009,0.543899828
Iran,IRN,2012,4.977062116
Iran,IRN,2013,6.664099067
Iran,IRN,2014,9.463216505
Iraq,IRQ,2006,0.0000926
Iraq,IRQ,2007,0.000340981
Iraq,IRQ,2008,0.000183487
Iraq,IRQ,2009,0.000401151
Iraq,IRQ,2010,0.010067056
Ireland,IRL,2002,0.269317496
Ireland,IRL,2003,1.042224556
Ireland,IRL,2004,3.722658286
Ireland,IRL,2005,7.756129025
Ireland,IRL,2006,13.29120154
Ireland,IRL,2007,17.68361396
Ireland,IRL,2008,20.48054339
Ireland,IRL,2009,22.13804031
Ireland,IRL,2010,22.83044373
Ireland,IRL,2011,23.67483822
Ireland,IRL,2012,24.30307547
Ireland,IRL,2013,25.70061677
Ireland,IRL,2014,26.9118345
Israel,ISR,2001,0.715626983
Israel,ISR,2002,3.713168128
Israel,ISR,2003,9.971991478
Israel,ISR,2004,15.15068594
Israel,ISR,2005,18.62032319
Israel,ISR,2006,21.02456353
Israel,ISR,2007,22.05606063
Israel,ISR,2008,23.69552211
Israel,ISR,2012,25.34045099
Israel,ISR,2013,25.90149621
Israel,ISR,2014,26.18220385
Italy,ITA,2000,0.201803651
Italy,ITA,2001,0.681815404
Italy,ITA,2002,1.478223593
Italy,ITA,2003,3.888157848
Italy,ITA,2004,8.108353762
Italy,ITA,2005,11.62773872
Italy,ITA,2006,14.38332886
Italy,ITA,2007,17.01612183
Italy,ITA,2008,18.83337659
Italy,ITA,2009,20.06721021
Italy,ITA,2010,21.6464208
Italy,ITA,2011,22.26059981
Italy,ITA,2012,22.60565657
Italy,ITA,2013,22.97575399
Jamaica,JAM,2001,0.124186835
Jamaica,JAM,2002,0.342633159
Jamaica,JAM,2003,0.339992656
Jamaica,JAM,2004,1.012874764
Jamaica,JAM,2005,1.67775914
Jamaica,JAM,2006,2.531055434
Jamaica,JAM,2007,3.425509351
Jamaica,JAM,2008,3.579549091
Jamaica,JAM,2009,4.110438663
Jamaica,JAM,2010,4.256269868
Jamaica,JAM,2011,4.293401494
Jamaica,JAM,2012,4.443792771
Jamaica,JAM,2013,5.05824947
Jamaica,JAM,2014,5.414891971
Japan,JPN,1998,0.025545465
Japan,JPN,1999,0.172137016
Japan,JPN,2000,0.679837105
Japan,JPN,2001,3.04428067
Japan,JPN,2002,7.443559395
Japan,JPN,2003,11.79002601
Japan,JPN,2004,15.42691392
Japan,JPN,2005,18.35039663
Japan,JPN,2006,20.79573279
Japan,JPN,2007,22.24224572
Japan,JPN,2008,23.65520962
Japan,JPN,2009,25.80483854
Japan,JPN,2010,26.77740039
Japan,JPN,2011,28.03678653
Japan,JPN,2012,28.39488334
Japan,JPN,2013,28.88453264
Japan,JPN,2014,29.31080179
Jordan,JOR,2001,0.008458963
Jordan,JOR,2002,0.064797407
Jordan,JOR,2003,0.100250667
Jordan,JOR,2004,0.204705838
Jordan,JOR,2005,0.449496576
Jordan,JOR,2006,0.895614873
Jordan,JOR,2007,1.570372372
Jordan,JOR,2008,2.467146276
Jordan,JOR,2009,3.850253676
Jordan,JOR,2010,4.54370666
Jordan,JOR,2011,4.406556917
Jordan,JOR,2012,4.284134376
Jordan,JOR,2013,4.514600967
Jordan,JOR,2014,4.661595787
Kazakhstan,KAZ,2003,0.006767132
Kazakhstan,KAZ,2004,0.013400479
Kazakhstan,KAZ,2005,0.01988836
Kazakhstan,KAZ,2006,0.200299319
Kazakhstan,KAZ,2007,1.756100349
Kazakhstan,KAZ,2008,2.166582928
Kazakhstan,KAZ,2009,3.667177521
Kazakhstan,KAZ,2010,5.4619249
Kazakhstan,KAZ,2011,7.413344193
Kazakhstan,KAZ,2012,10.06256391
Kazakhstan,KAZ,2013,11.91455706
Kazakhstan,KAZ,2014,12.93439983
Kenya,KEN,2005,0.015087024
Kenya,KEN,2006,0.048216013
Kenya,KEN,2007,0.046982563
Kenya,KEN,2008,0.008464593
Kenya,KEN,2009,0.045700242
Kenya,KEN,2010,0.016783513
Kenya,KEN,2011,0.128828734
Kenya,KEN,2012,0.125869245
Kenya,KEN,2013,0.167165344
Kenya,KEN,2014,0.185814423
Kiribati,KIR,2005,0.355926958
Kiribati,KIR,2006,0.437179864
Kiribati,KIR,2007,0.539608784
Kiribati,KIR,2010,0.865535128
Kiribati,KIR,2011,0.926952141
Kiribati,KIR,2013,1.074733027
Kuwait,KWT,2001,0.252448243
Kuwait,KWT,2002,0.51263724
Kuwait,KWT,2003,0.614264256
Kuwait,KWT,2004,0.910553589
Kuwait,KWT,2005,1.088701284
Kuwait,KWT,2006,1.240979629
Kuwait,KWT,2007,1.369905907
Kuwait,KWT,2014,1.379559696
Kyrgyzstan,KGZ,2002,0.000719512
Kyrgyzstan,KGZ,2003,0.002774754
Kyrgyzstan,KGZ,2004,0.03799327
Kyrgyzstan,KGZ,2005,0.045454717
Kyrgyzstan,KGZ,2006,0.054352746
Kyrgyzstan,KGZ,2007,0.060670429
Kyrgyzstan,KGZ,2009,0.329615982
Kyrgyzstan,KGZ,2011,0.72250551
Kyrgyzstan,KGZ,2012,0.99765939
Kyrgyzstan,KGZ,2013,2.455138739
Kyrgyzstan,KGZ,2014,4.158264467
Laos,LAO,2003,0.000444914
Laos,LAO,2004,0.00087733
Laos,LAO,2005,0.005422538
Laos,LAO,2006,0.012567992
Laos,LAO,2007,0.018874897
Laos,LAO,2008,0.047172831
Laos,LAO,2009,0.068873996
Laos,LAO,2010,0.092014761
Laos,LAO,2011,0.100378543
Laos,LAO,2012,0.114026441
Laos,LAO,2013,0.133314091
Laos,LAO,2014,0.16371975
Latvia,LVA,2000,0.011975639
Latvia,LVA,2001,0.137934916
Latvia,LVA,2002,0.431543965
Latvia,LVA,2003,0.853797131
Latvia,LVA,2004,2.176912511
Latvia,LVA,2005,2.728098335
Latvia,LVA,2006,4.991173495
Latvia,LVA,2007,15.62226456
Latvia,LVA,2009,21.52658406
Latvia,LVA,2010,20.80229838
Latvia,LVA,2011,22.06160457
Latvia,LVA,2013,24.19138114
Latvia,LVA,2014,24.74142759
Lebanon,LBN,2002,0.995561502
Lebanon,LBN,2003,1.896962421
Lebanon,LBN,2004,2.075990598
Lebanon,LBN,2005,3.260707348
Lebanon,LBN,2006,4.65706478
Lebanon,LBN,2007,4.637890649
Lebanon,LBN,2009,4.63865141
Lebanon,LBN,2010,7.626859786
Lebanon,LBN,2012,10.2469745
Lebanon,LBN,2013,9.954435645
Lebanon,LBN,2014,22.79819989
Lesotho,LSO,2004,0.001150614
Lesotho,LSO,2005,0.002336638
Lesotho,LSO,2007,0.005624343
Lesotho,LSO,2010,0.019911186
Lesotho,LSO,2011,0.065976321
Lesotho,LSO,2013,0.10966683
Lesotho,LSO,2014,0.108890966
Liberia,LBR,2010,0.004699355
Liberia,LBR,2011,0.001544232
Liberia,LBR,2012,0.012504668
Liberia,LBR,2013,0.11830249
Libya,LBY,2011,1.146933109
Libya,LBY,2013,1.043292444
Liechtenstein,LIE,2002,4.248839478
Liechtenstein,LIE,2003,4.393544419
Liechtenstein,LIE,2004,13.76397155
Liechtenstein,LIE,2005,24.80426022
Liechtenstein,LIE,2006,28.5485897
Liechtenstein,LIE,2007,40.21751444
Liechtenstein,LIE,2011,37.36121798
Liechtenstein,LIE,2012,39.32780445
Liechtenstein,LIE,2013,40.6662153
Liechtenstein,LIE,2014,40.32908534
Lithuania,LTU,2001,0.070111763
Lithuania,LTU,2002,0.584550904
Lithuania,LTU,2003,1.976965496
Lithuania,LTU,2004,3.871616337
Lithuania,LTU,2005,7.121890043
Lithuania,LTU,2006,11.38424222
Lithuania,LTU,2007,17.52415607
Lithuania,LTU,2008,18.77329948
Lithuania,LTU,2009,20.43148022
Lithuania,LTU,2010,22.13884698
Lithuania,LTU,2011,23.9061689
Lithuania,LTU,2012,25.39488925
Lithuania,LTU,2013,27.71688997
Lithuania,LTU,2014,31.46179204
Luxembourg,LUX,2001,0.276050412
Luxembourg,LUX,2002,1.313795871
Luxembourg,LUX,2003,3.43425892
Luxembourg,LUX,2004,8.083304543
Luxembourg,LUX,2005,15.3107916
Luxembourg,LUX,2006,21.22009657
Luxembourg,LUX,2007,27.01692652
Luxembourg,LUX,2008,29.38581191
Luxembourg,LUX,2009,31.34209702
Luxembourg,LUX,2010,33.1508117
Luxembourg,LUX,2011,32.87569624
Luxembourg,LUX,2012,32.40132584
Luxembourg,LUX,2013,33.27802707
Macao,MAC,2000,0.863843374
Macao,MAC,2001,2.234295106
Macao,MAC,2002,3.817178881
Macao,MAC,2003,6.162263623
Macao,MAC,2004,9.861255894
Macao,MAC,2005,14.53169824
Macao,MAC,2006,19.21956283
Macao,MAC,2007,22.4040259
Macao,MAC,2009,24.18287748
Macao,MAC,2010,24.70530801
Macao,MAC,2011,25.19980669
Macao,MAC,2012,25.9699021
Macao,MAC,2013,26.80132421
Macao,MAC,2014,28.04697288
Macedonia,MKD,2005,0.595011397
Macedonia,MKD,2006,1.742524719
Macedonia,MKD,2007,4.793763295
Macedonia,MKD,2008,8.62467475
Macedonia,MKD,2009,11.08196013
Macedonia,MKD,2010,12.30801212
Macedonia,MKD,2011,13.38306661
Macedonia,MKD,2012,14.8307232
Macedonia,MKD,2013,16.06362693
Macedonia,MKD,2014,16.19083168
Madagascar,MDG,2006,0.007229315
Madagascar,MDG,2007,0.012152172
Madagascar,MDG,2008,0.017504078
Madagascar,MDG,2009,0.02232664
Madagascar,MDG,2010,0.025574572
Madagascar,MDG,2011,0.03160672
Madagascar,MDG,2012,0.139396788
Madagascar,MDG,2013,0.165706639
Madagascar,MDG,2014,0.105358222
Malawi,MWI,2003,0.000563784
Malawi,MWI,2004,0.001097931
Malawi,MWI,2005,0.003125787
Malawi,MWI,2007,0.006810679
Malawi,MWI,2008,0.00697401
Malawi,MWI,2010,0.007226736
Malawi,MWI,2011,0.011191956
Malawi,MWI,2012,0.00778299
Malawi,MWI,2013,0.053640728
Malawi,MWI,2014,0.050870086
Malaysia,MYS,2001,0.016718395
Malaysia,MYS,2002,0.079061858
Malaysia,MYS,2003,0.443548008
Malaysia,MYS,2004,0.995462701
Malaysia,MYS,2005,1.869331304
Malaysia,MYS,2006,2.85257418
Malaysia,MYS,2007,3.86069586
Malaysia,MYS,2008,4.868812016
Malaysia,MYS,2009,5.590435002
Malaysia,MYS,2010,7.419055883
Malaysia,MYS,2011,8.716237662
Malaysia,MYS,2012,9.989423024
Malaysia,MYS,2013,9.889300607
Malaysia,MYS,2014,10.13982558
Maldives,MDV,2002,0.067198834
Maldives,MDV,2003,0.174899337
Maldives,MDV,2004,0.245124015
Maldives,MDV,2005,1.095518456
Maldives,MDV,2006,2.071823661
Maldives,MDV,2007,3.375627354
Maldives,MDV,2008,4.893848198
Maldives,MDV,2009,4.811362072
Maldives,MDV,2010,4.775341271
Maldives,MDV,2011,5.313226735
Maldives,MDV,2012,5.335921665
Maldives,MDV,2013,5.89844735
Mali,MLI,2006,0.025029319
Mali,MLI,2007,0.025146105
Mali,MLI,2008,0.04012696
Mali,MLI,2009,0.060799617
Mali,MLI,2010,0.057336067
Mali,MLI,2011,0.058834395
Mali,MLI,2012,0.029083913
Mali,MLI,2013,0.019011022
Mali,MLI,2014,0.018962183
Malta,MLT,2000,0.40635145
Malta,MLT,2001,2.238240499
Malta,MLT,2002,4.306772588
Malta,MLT,2003,5.521260837
Malta,MLT,2004,9.110535615
Malta,MLT,2005,12.39526748
Malta,MLT,2006,12.71004167
Malta,MLT,2007,20.06067265
Malta,MLT,2008,23.33886254
Malta,MLT,2009,26.87716378
Malta,MLT,2010,29.63921288
Malta,MLT,2011,30.1808817
Malta,MLT,2012,31.73665853
Malta,MLT,2013,33.33535352
Malta,MLT,2014,35.23059612
Marshall Islands,MHL,2013,2.439487784
Marshall Islands,MHL,2014,2.599863564
Mauritania,MRT,2005,0.005212697
Mauritania,MRT,2006,0.030052077
Mauritania,MRT,2007,0.120118785
Mauritania,MRT,2008,0.17166725
Mauritania,MRT,2009,0.192686338
Mauritania,MRT,2010,0.160939985
Mauritania,MRT,2011,0.16528198
Mauritania,MRT,2012,0.176415997
Mauritania,MRT,2013,0.193630652
Mauritania,MRT,2014,0.200780182
Mauritius,MUS,2002,0.023770363
Mauritius,MUS,2003,0.098325722
Mauritius,MUS,2004,0.212136982
Mauritius,MUS,2005,0.445103368
Mauritius,MUS,2006,2.293019914
Mauritius,MUS,2007,2.879728782
Mauritius,MUS,2008,4.292442959
Mauritius,MUS,2009,5.940052541
Mauritius,MUS,2010,7.631846027
Mauritius,MUS,2011,9.574381939
Mauritius,MUS,2012,11.2136836
Mauritius,MUS,2013,13.05043463
Mauritius,MUS,2014,14.56989587
Mexico,MEX,2000,0.014440627
Mexico,MEX,2001,0.047465406
Mexico,MEX,2002,0.216902229
Mexico,MEX,2003,0.396433112
Mexico,MEX,2004,0.966599943
Mexico,MEX,2005,1.736042897
Mexico,MEX,2006,2.693622058
Mexico,MEX,2007,3.967611364
Mexico,MEX,2008,6.551936578
Mexico,MEX,2009,8.281171708
Mexico,MEX,2010,8.977171786
Mexico,MEX,2011,9.689971115
Mexico,MEX,2012,10.28900256
Mexico,MEX,2013,10.92656983
Mexico,MEX,2014,11.56173648
Micronesia (country),FSM,2003,0.005617136
Micronesia (country),FSM,2004,0.024395965
Micronesia (country),FSM,2005,0.043315317
Micronesia (country),FSM,2006,0.089888916
Micronesia (country),FSM,2007,0.110374226
Micronesia (country),FSM,2010,0.963143825
Micronesia (country),FSM,2013,1.992293504
Micronesia (country),FSM,2014,2.975852478
Moldova,MDA,2001,0.005914994
Moldova,MDA,2002,0.010531514
Moldova,MDA,2003,0.015321466
Moldova,MDA,2004,0.063454114
Moldova,MDA,2005,0.275943391
Moldova,MDA,2006,0.586509475
Moldova,MDA,2007,1.437822078
Moldova,MDA,2009,5.207018272
Moldova,MDA,2010,7.577782853
Moldova,MDA,2011,10.05733111
Moldova,MDA,2012,11.90875434
Moldova,MDA,2013,13.45969436
Moldova,MDA,2014,14.7107512
Monaco,MCO,2000,2.493687853
Monaco,MCO,2001,8.212321572
Monaco,MCO,2002,15.01852816
Monaco,MCO,2003,19.82225188
Monaco,MCO,2004,22.80933245
Monaco,MCO,2005,28.09985802
Monaco,MCO,2006,32.00558643
Monaco,MCO,2007,35.12980893
Monaco,MCO,2010,37.45420003
Monaco,MCO,2011,42.72563807
Monaco,MCO,2012,43.26352484
Monaco,MCO,2013,44.66178531
Mongolia,MNG,2001,0.00202507
Mongolia,MNG,2002,0.003683647
Mongolia,MNG,2003,0.020254436
Mongolia,MNG,2004,0.03605411
Mongolia,MNG,2005,0.071244749
Mongolia,MNG,2006,0.136745672
Mongolia,MNG,2007,0.284963631
Mongolia,MNG,2009,1.499762557
Mongolia,MNG,2010,2.829392297
Mongolia,MNG,2011,3.41484615
Mongolia,MNG,2012,3.93941106
Mongolia,MNG,2013,4.921641677
Mongolia,MNG,2014,6.845490844
Montenegro,MNE,2005,1.244681888
Montenegro,MNE,2007,2.889608287
Montenegro,MNE,2013,12.78454673
Montenegro,MNE,2014,15.19977733
Morocco,MAR,2002,0.006823274
Morocco,MAR,2003,0.009166207
Morocco,MAR,2004,0.216574189
Morocco,MAR,2005,0.827001892
Morocco,MAR,2006,1.289211217
Morocco,MAR,2007,1.556587411
Morocco,MAR,2008,1.59336325
Morocco,MAR,2009,1.533106386
Morocco,MAR,2010,1.594378548
Morocco,MAR,2011,1.856574217
Morocco,MAR,2012,2.120285256
Morocco,MAR,2013,2.556762497
Morocco,MAR,2014,2.960596824
Mozambique,MOZ,2007,0.025902735
Mozambique,MOZ,2008,0.044770956
Mozambique,MOZ,2009,0.053516487
Mozambique,MOZ,2010,0.061054109
Mozambique,MOZ,2011,0.086260459
Mozambique,MOZ,2012,0.081274765
Mozambique,MOZ,2013,0.069610485
Mozambique,MOZ,2014,0.04879693
Myanmar,MMR,2005,0.000484247
Myanmar,MMR,2006,0.007843553
Myanmar,MMR,2007,0.012721095
Myanmar,MMR,2008,0.019531396
Myanmar,MMR,2009,0.045090763
Myanmar,MMR,2010,0.04419306
Myanmar,MMR,2011,0.041829381
Myanmar,MMR,2013,0.178991284
Namibia,NAM,2005,0.00661067
Namibia,NAM,2006,0.009644747
Namibia,NAM,2007,0.012303552
Namibia,NAM,2011,0.794095286
Namibia,NAM,2012,1.064577964
Namibia,NAM,2013,1.551676605
Namibia,NAM,2014,1.755204882
Nepal,NPL,2006,0.003756723
Nepal,NPL,2007,0.042223471
Nepal,NPL,2008,0.04571531
Nepal,NPL,2009,0.064336171
Nepal,NPL,2010,0.224156165
Nepal,NPL,2011,0.348559143
Nepal,NPL,2012,0.83939301
Nepal,NPL,2013,1.120451414
Nepal,NPL,2014,0.811123747
Netherlands,NLD,1998,0.48125677
Netherlands,NLD,2000,1.639358423
Netherlands,NLD,2001,2.922844797
Netherlands,NLD,2002,7.299209194
Netherlands,NLD,2003,12.32187591
Netherlands,NLD,2004,19.7640593
Netherlands,NLD,2005,25.14991496
Netherlands,NLD,2006,31.70651741
Netherlands,NLD,2007,33.49176493
Netherlands,NLD,2008,35.17288001
Netherlands,NLD,2009,37.00800457
Netherlands,NLD,2010,38.09152836
Netherlands,NLD,2011,38.98911966
Netherlands,NLD,2012,39.81089407
Netherlands,NLD,2013,40.526924
Netherlands,NLD,2014,41.02374753
New Caledonia,NCL,2001,0.061705599
New Caledonia,NCL,2002,0.321513871
New Caledonia,NCL,2003,0.753278659
New Caledonia,NCL,2004,2.286216946
New Caledonia,NCL,2005,4.197381883
New Caledonia,NCL,2006,6.715393191
New Caledonia,NCL,2007,8.612101454
New Caledonia,NCL,2008,10.63154422
New Caledonia,NCL,2009,13.63419313
New Caledonia,NCL,2010,15.50294465
New Caledonia,NCL,2011,17.12145597
New Zealand,NZL,2000,0.120735131
New Zealand,NZL,2001,0.441971047
New Zealand,NZL,2002,1.097947797
New Zealand,NZL,2003,2.064314078
New Zealand,NZL,2004,4.699472307
New Zealand,NZL,2005,7.764656878
New Zealand,NZL,2006,11.2353107
New Zealand,NZL,2007,20.15293189
New Zealand,NZL,2008,21.3866578
New Zealand,NZL,2009,23.64906206
New Zealand,NZL,2010,24.99922164
New Zealand,NZL,2011,26.68827707
New Zealand,NZL,2012,28.52112581
New Zealand,NZL,2013,29.20705293
New Zealand,NZL,2014,30.45250979
Nicaragua,NIC,2000,0.013723015
Nicaragua,NIC,2001,0.03098508
Nicaragua,NIC,2002,0.044183404
Nicaragua,NIC,2003,0.082796183
Nicaragua,NIC,2004,0.092846684
Nicaragua,NIC,2005,0.193099489
Nicaragua,NIC,2006,0.344656138
Nicaragua,NIC,2007,0.492357028
Nicaragua,NIC,2008,0.762387608
Nicaragua,NIC,2009,1.369902368
Nicaragua,NIC,2010,1.258611637
Nicaragua,NIC,2011,1.44098046
Nicaragua,NIC,2012,1.690863061
Nicaragua,NIC,2013,2.165734339
Nicaragua,NIC,2014,2.477051981
Niger,NER,2004,0.000605875
Niger,NER,2005,0.001608034
Niger,NER,2006,0.002536604
Niger,NER,2007,0.003395014
Niger,NER,2010,0.009437674
Niger,NER,2011,0.012803227
Niger,NER,2012,0.021384805
Niger,NER,2013,0.035892003
Nigeria,NGA,2005,0.000358202
Nigeria,NGA,2007,0.036412096
Nigeria,NGA,2008,0.044823002
Nigeria,NGA,2009,0.052746468
Nigeria,NGA,2010,0.062055837
Nigeria,NGA,2012,0.008457431
Nigeria,NGA,2013,0.008665709
Nigeria,NGA,2014,0.008817092
Norway,NOR,2000,0.518682546
Norway,NOR,2001,1.961161294
Norway,NOR,2002,4.525522925
Norway,NOR,2003,8.744668052
Norway,NOR,2004,14.63820851
Norway,NOR,2005,21.43740966
Norway,NOR,2006,26.65536372
Norway,NOR,2007,30.86719564
Norway,NOR,2008,33.01483505
Norway,NOR,2009,34.49873843
Norway,NOR,2010,35.23341983
Norway,NOR,2011,36.94449602
Norway,NOR,2012,37.98845586
Norway,NOR,2013,38.859882
Norway,NOR,2014,38.14145694
Oman,OMN,2002,0.004202028
Oman,OMN,2003,0.00569247
Oman,OMN,2004,0.027110379
Oman,OMN,2005,0.524912531
Oman,OMN,2006,0.785352097
Oman,OMN,2007,0.785177016
Oman,OMN,2009,1.544406329
Oman,OMN,2010,2.089220371
Oman,OMN,2011,2.585879143
Oman,OMN,2012,3.419552378
Oman,OMN,2013,4.247553438
Oman,OMN,2014,4.509445072
Pakistan,PAK,2005,0.009242178
Pakistan,PAK,2006,0.016538248
Pakistan,PAK,2007,0.027544354
Pakistan,PAK,2008,0.100643033
Pakistan,PAK,2009,0.230242691
Pakistan,PAK,2010,0.455957357
Pakistan,PAK,2011,0.662045266
Pakistan,PAK,2012,0.846622047
Pakistan,PAK,2013,0.89386286
Pakistan,PAK,2014,1.084995545
Palau,PLW,2004,0.373643019
Palau,PLW,2005,0.502335862
Palau,PLW,2006,0.484709174
Palau,PLW,2008,0.548744315
Palau,PLW,2009,0.697994495
Palau,PLW,2010,1.167562286
Palau,PLW,2011,2.513830923
Palau,PLW,2012,4.326876747
Palau,PLW,2013,8.62893202
Palau,PLW,2014,9.356780585
Palestine,PSE,2004,0.000515797
Palestine,PSE,2005,0.209643311
Palestine,PSE,2006,0.74672374
Palestine,PSE,2007,1.493875561
Palestine,PSE,2012,4.417874305
Palestine,PSE,2013,4.924883763
Palestine,PSE,2014,5.30027538
Panama,PAN,2001,0.249357514
Panama,PAN,2002,0.384936054
Panama,PAN,2003,0.46405137
Panama,PAN,2004,0.506942227
Panama,PAN,2005,0.521906434
Panama,PAN,2006,3.28825154
Panama,PAN,2007,4.304827739
Panama,PAN,2008,5.521066673
Panama,PAN,2009,6.482051503
Panama,PAN,2010,7.0223766
Panama,PAN,2011,7.56207687
Panama,PAN,2012,7.751636452
Panama,PAN,2013,7.951668793
Panama,PAN,2014,7.897698864
Papua New Guinea,PNG,2010,0.08893496
Papua New Guinea,PNG,2013,0.154344975
Paraguay,PRY,2000,0.002803606
Paraguay,PRY,2001,0.005493881
Paraguay,PRY,2002,0.008974452
Paraguay,PRY,2003,0.008799176
Paraguay,PRY,2004,0.052646751
Paraguay,PRY,2005,0.094848217
Paraguay,PRY,2006,0.099754255
Paraguay,PRY,2007,0.14040163
Paraguay,PRY,2008,0.205259617
Paraguay,PRY,2009,1.219951593
Paraguay,PRY,2010,1.385400391
Paraguay,PRY,2011,1.827160013
Paraguay,PRY,2012,2.035960075
Paraguay,PRY,2013,2.301811374
Peru,PER,1999,0.000292837
Peru,PER,2000,0.004146141
Peru,PER,2002,0.139921913
Peru,PER,2003,0.346865296
Peru,PER,2004,0.830576877
Peru,PER,2005,1.271934588
Peru,PER,2006,1.729886188
Peru,PER,2007,2.012883886
Peru,PER,2008,2.534662296
Peru,PER,2009,2.86049054
Peru,PER,2010,3.186646678
Peru,PER,2011,4.091749531
Peru,PER,2012,4.81123657
Peru,PER,2013,5.309563731
Peru,PER,2014,5.740740939
Philippines,PHL,2001,0.012610697
Philippines,PHL,2002,0.025940769
Philippines,PHL,2003,0.066582183
Philippines,PHL,2004,0.105661398
Philippines,PHL,2005,0.143321207
Philippines,PHL,2006,0.303354007
Philippines,PHL,2007,0.558253661
Philippines,PHL,2008,1.157133017
Philippines,PHL,2009,1.874496117
Philippines,PHL,2010,1.84323666
Philippines,PHL,2011,8.846539657
Philippines,PHL,2013,18.17015814
Philippines,PHL,2014,23.21934226
Poland,POL,2001,0.031319536
Poland,POL,2002,0.317874246
Poland,POL,2003,0.511764235
Poland,POL,2004,2.291313472
Poland,POL,2005,2.473827836
Poland,POL,2006,7.621981401
Poland,POL,2007,10.92981784
Poland,POL,2008,11.6855642
Poland,POL,2009,14.65167284
Poland,POL,2010,15.33688245
Poland,POL,2011,18.24945259
Poland,POL,2012,20.5332093
Poland,POL,2013,22.74035116
Poland,POL,2014,23.8301167
Portugal,PRT,1999,0.002893741
Portugal,PRT,2000,0.244066868
Portugal,PRT,2001,0.959513693
Portugal,PRT,2002,2.506736003
Portugal,PRT,2003,4.809162843
Portugal,PRT,2004,8.001157078
Portugal,PRT,2005,11.08784758
Portugal,PRT,2006,13.51169593
Portugal,PRT,2007,14.46631467
Portugal,PRT,2008,15.47252046
Portugal,PRT,2009,18.0690491
Portugal,PRT,2010,20.08244355
Portugal,PRT,2011,21.16545125
Portugal,PRT,2012,22.54641825
Portugal,PRT,2013,24.16401116
Portugal,PRT,2014,26.68093204
Puerto Rico,PRI,2001,0.063879213
Puerto Rico,PRI,2002,0.599041618
Puerto Rico,PRI,2003,1.435565849
Puerto Rico,PRI,2004,2.287294929
Puerto Rico,PRI,2005,3.144469647
Puerto Rico,PRI,2006,4.006466542
Puerto Rico,PRI,2007,4.873130063
Puerto Rico,PRI,2009,12.91522669
Puerto Rico,PRI,2010,14.8670866
Puerto Rico,PRI,2011,15.08226812
Puerto Rico,PRI,2012,15.51673593
Puerto Rico,PRI,2013,16.31014462
Puerto Rico,PRI,2014,16.56894979
Qatar,QAT,2002,0.036205131
Qatar,QAT,2003,0.453018457
Qatar,QAT,2004,1.515166238
Qatar,QAT,2005,3.118640848
Qatar,QAT,2006,4.833908983
Qatar,QAT,2007,7.60747237
Qatar,QAT,2008,7.812221786
Qatar,QAT,2009,9.255269225
Qatar,QAT,2010,8.332052171
Qatar,QAT,2011,8.613785532
Qatar,QAT,2012,9.028321679
Qatar,QAT,2013,9.936352783
Qatar,QAT,2014,9.904820108
Romania,ROU,2001,0.026893659
Romania,ROU,2002,0.071012627
Romania,ROU,2003,0.883297018
Romania,ROU,2004,0.470548935
Romania,ROU,2005,1.705266124
Romania,ROU,2006,4.939858581
Romania,ROU,2007,8.867212874
Romania,ROU,2008,11.46098045
Romania,ROU,2009,12.83512108
Romania,ROU,2010,13.72551423
Romania,ROU,2011,15.05415373
Romania,ROU,2012,16.27847466
Romania,ROU,2013,17.46657674
Romania,ROU,2014,18.52111314
Russia,RUS,2002,0.007559056
Russia,RUS,2003,0.236748235
Russia,RUS,2004,0.467673856
Russia,RUS,2005,1.103986143
Russia,RUS,2006,2.017882292
Russia,RUS,2007,3.411012127
Russia,RUS,2009,8.977676423
Russia,RUS,2010,10.93178398
Russia,RUS,2011,12.29436224
Russia,RUS,2012,14.6143373
Russia,RUS,2013,16.62447156
Russia,RUS,2014,17.45323154
Rwanda,RWA,2004,0.012404938
Rwanda,RWA,2005,0.012513976
Rwanda,RWA,2006,0.017638024
Rwanda,RWA,2007,0.025614055
Rwanda,RWA,2008,0.01095573
Rwanda,RWA,2009,0.021026304
Rwanda,RWA,2010,0.03637628
Rwanda,RWA,2011,0.077573184
Rwanda,RWA,2012,0.047984775
Rwanda,RWA,2013,0.023614782
Rwanda,RWA,2014,0.113627639
Saint Kitts and Nevis,KNA,2002,1.065325777
Saint Kitts and Nevis,KNA,2003,4.194718849
Saint Kitts and Nevis,KNA,2004,9.086966399
Saint Kitts and Nevis,KNA,2005,13.22778241
Saint Kitts and Nevis,KNA,2006,17.66252534
Saint Kitts and Nevis,KNA,2013,24.54282076
Saint Lucia,LCA,2003,0.865447622
Saint Lucia,LCA,2004,2.324727762
Saint Lucia,LCA,2005,4.231985345
Saint Lucia,LCA,2006,4.280141717
Saint Lucia,LCA,2007,6.510764095
Saint Lucia,LCA,2008,8.988965693
Saint Lucia,LCA,2009,10.60844749
Saint Lucia,LCA,2010,11.55092814
Saint Lucia,LCA,2011,11.90376581
Saint Lucia,LCA,2012,13.586001
Saint Lucia,LCA,2013,13.7156902
Saint Lucia,LCA,2014,15.35964444
Saint Vincent and the Grenadines,VCT,2001,0.07500764
Saint Vincent and the Grenadines,VCT,2002,1.004160888
Saint Vincent and the Grenadines,VCT,2003,1.057654149
Saint Vincent and the Grenadines,VCT,2004,1.215895065
Saint Vincent and the Grenadines,VCT,2005,3.353594056
Saint Vincent and the Grenadines,VCT,2006,5.158482389
Saint Vincent and the Grenadines,VCT,2007,7.310743271
Saint Vincent and the Grenadines,VCT,2008,8.578390956
Saint Vincent and the Grenadines,VCT,2009,10.53281952
Saint Vincent and the Grenadines,VCT,2010,11.43656921
Saint Vincent and the Grenadines,VCT,2011,12.11536527
Saint Vincent and the Grenadines,VCT,2012,12.44914193
Saint Vincent and the Grenadines,VCT,2013,13.35247273
Saint Vincent and the Grenadines,VCT,2014,14.91894561
Samoa,WSM,2004,0.017897692
Samoa,WSM,2005,0.036125561
Samoa,WSM,2006,0.054121818
Samoa,WSM,2007,0.071334504
Samoa,WSM,2012,0.573882015
San Marino,SMR,2003,2.090592334
San Marino,SMR,2004,3.67360874
San Marino,SMR,2005,4.097397145
San Marino,SMR,2006,4.912047793
San Marino,SMR,2007,5.26385094
San Marino,SMR,2008,16.0398049
San Marino,SMR,2009,17.74056942
San Marino,SMR,2010,19.41609151
San Marino,SMR,2011,21.05771708
San Marino,SMR,2012,31.68944219
San Marino,SMR,2013,32.53307047
Sao Tome and Principe,STP,2006,0.078712391
Sao Tome and Principe,STP,2007,0.188506029
Sao Tome and Principe,STP,2009,0.255714616
Sao Tome and Principe,STP,2010,0.328231254
Sao Tome and Principe,STP,2011,0.402343089
Sao Tome and Principe,STP,2012,0.41361418
Sao Tome and Principe,STP,2013,0.506754131
Saudi Arabia,SAU,2001,0.067012598
Saudi Arabia,SAU,2002,0.159366113
Saudi Arabia,SAU,2003,0.201213592
Saudi Arabia,SAU,2004,0.288180437
Saudi Arabia,SAU,2005,0.274596258
Saudi Arabia,SAU,2006,0.85991073
Saudi Arabia,SAU,2007,2.404402842
Saudi Arabia,SAU,2008,3.975133767
Saudi Arabia,SAU,2009,5.365345126
Saudi Arabia,SAU,2010,6.279160979
Saudi Arabia,SAU,2011,6.928196256
Saudi Arabia,SAU,2012,8.913744079
Saudi Arabia,SAU,2013,10.17980587
Saudi Arabia,SAU,2014,10.36442725
Senegal,SEN,2002,0.011549511
Senegal,SEN,2003,0.022326249
Senegal,SEN,2004,0.069887873
Senegal,SEN,2005,0.159952784
Senegal,SEN,2006,0.249729667
Senegal,SEN,2007,0.320303093
Senegal,SEN,2008,0.386949986
Senegal,SEN,2009,0.466519481
Senegal,SEN,2010,0.607286293
Senegal,SEN,2011,0.695482928
Senegal,SEN,2012,0.696203219
Senegal,SEN,2013,0.755189171
Senegal,SEN,2014,0.710481063
Serbia,SRB,2005,0.407249048
Serbia,SRB,2006,1.49260027
Serbia,SRB,2007,4.026393004
Serbia,SRB,2008,5.695465551
Serbia,SRB,2009,7.411935683
Serbia,SRB,2010,10.86650128
Serbia,SRB,2011,12.4134366
Serbia,SRB,2012,13.71315027
Serbia,SRB,2013,15.23280802
Serbia,SRB,2014,15.56662123
Seychelles,SYC,2004,0.406992338
Seychelles,SYC,2005,1.088479115
Seychelles,SYC,2006,2.805804331
Seychelles,SYC,2007,3.918818857
Seychelles,SYC,2008,3.800805321
Seychelles,SYC,2009,5.027766431
Seychelles,SYC,2010,7.447811595
Seychelles,SYC,2011,10.252835
Seychelles,SYC,2012,11.45453167
Seychelles,SYC,2013,13.36844826
Seychelles,SYC,2014,12.67549782
Singapore,SGP,1998,0.267699129
Singapore,SGP,1999,0.78480102
Singapore,SGP,2000,1.761017654
Singapore,SGP,2001,3.753152897
Singapore,SGP,2002,6.527669218
Singapore,SGP,2003,9.803124308
Singapore,SGP,2004,12.46053801
Singapore,SGP,2005,14.5966989
Singapore,SGP,2006,17.07514233
Singapore,SGP,2007,19.56862385
Singapore,SGP,2008,22.092629
Singapore,SGP,2009,24.84735045
Singapore,SGP,2010,26.35180486
Singapore,SGP,2011,27.12154021
Singapore,SGP,2012,27.01732367
Singapore,SGP,2013,27.59557606
Singapore,SGP,2014,27.78632695
Slovakia,SVK,2002,0.075780734
Slovakia,SVK,2003,0.416914079
Slovakia,SVK,2004,1.46174943
Slovakia,SVK,2005,3.367121773
Slovakia,SVK,2006,5.643740055
Slovakia,SVK,2007,10.11269918
Slovakia,SVK,2008,11.16601181
Slovakia,SVK,2009,14.28663067
Slovakia,SVK,2010,16.13993132
Slovakia,SVK,2011,17.51936904
Slovakia,SVK,2012,19.19824921
Slovakia,SVK,2013,20.34889215
Slovakia,SVK,2014,21.84052742
Slovenia,SVN,2001,0.276419136
Slovenia,SVN,2002,2.850876091
Slovenia,SVN,2003,2.912168921
Slovenia,SVN,2004,5.769090003
Slovenia,SVN,2005,9.830784528
Slovenia,SVN,2006,13.92777432
Slovenia,SVN,2007,17.06190017
Slovenia,SVN,2008,20.9249829
Slovenia,SVN,2009,21.96553451
Slovenia,SVN,2010,22.90525121
Slovenia,SVN,2011,23.97592184
Slovenia,SVN,2012,24.63277131
Slovenia,SVN,2013,25.31910037
Slovenia,SVN,2014,26.55083465
Solomon Islands,SLB,2004,0.043684623
Solomon Islands,SLB,2005,0.095886266
Solomon Islands,SLB,2006,0.135206814
Solomon Islands,SLB,2007,0.20319091
Solomon Islands,SLB,2010,0.47906057
Solomon Islands,SLB,2011,0.451675381
Solomon Islands,SLB,2012,0.387919898
Solomon Islands,SLB,2013,0.335690651
Somalia,SOM,2012,0.392344034
Somalia,SOM,2013,0.571669054
South Africa,ZAF,2002,0.005778583
South Africa,ZAF,2003,0.043339922
South Africa,ZAF,2004,0.126174938
South Africa,ZAF,2005,0.342674412
South Africa,ZAF,2006,0.685029417
South Africa,ZAF,2007,0.762054093
South Africa,ZAF,2010,1.444054491
South Africa,ZAF,2013,3.060493447
South Africa,ZAF,2014,3.211005186
South Korea,KOR,1998,0.030776583
South Korea,KOR,1999,0.607755179
South Korea,KOR,2000,8.417213659
South Korea,KOR,2001,16.92471047
South Korea,KOR,2002,22.42852
South Korea,KOR,2003,23.99243669
South Korea,KOR,2004,25.47244725
South Korea,KOR,2005,25.919439
South Korea,KOR,2006,29.69392105
South Korea,KOR,2007,30.92116605
South Korea,KOR,2008,32.32836279
South Korea,KOR,2009,33.94286624
South Korea,KOR,2010,35.48581435
South Korea,KOR,2011,36.64796736
South Korea,KOR,2012,37.24828904
South Korea,KOR,2013,38.03590701
South Korea,KOR,2014,38.77630457
South Sudan,SSD,2012,0.000156862
South Sudan,SSD,2013,0.000885256
South Sudan,SSD,2014,0.000851882
Spain,ESP,2000,0.189554715
Spain,ESP,2001,1.144843145
Spain,ESP,2002,3.017157
Spain,ESP,2003,5.050306713
Spain,ESP,2004,7.9639125
Spain,ESP,2005,11.60519889
Spain,ESP,2006,15.30278446
Spain,ESP,2007,18.0363781
Spain,ESP,2008,20.19291839
Spain,ESP,2009,21.42007308
Spain,ESP,2010,23.06605005
Spain,ESP,2011,24.00950447
Spain,ESP,2012,24.64903463
Spain,ESP,2013,26.10878739
Spain,ESP,2014,27.26797982
Sri Lanka,LKA,2001,0.001717697
Sri Lanka,LKA,2002,0.003073592
Sri Lanka,LKA,2003,0.017521308
Sri Lanka,LKA,2004,0.10360947
Sri Lanka,LKA,2005,0.105256347
Sri Lanka,LKA,2006,0.113693019
Sri Lanka,LKA,2007,0.311611044
Sri Lanka,LKA,2008,0.49833792
Sri Lanka,LKA,2009,0.823234513
Sri Lanka,LKA,2010,1.099852742
Sri Lanka,LKA,2011,1.715607517
Sri Lanka,LKA,2012,1.677876286
Sri Lanka,LKA,2013,1.994793644
Sri Lanka,LKA,2014,2.646679824
Sudan,SDN,2004,0.002114461
Sudan,SDN,2005,0.0033038
Sudan,SDN,2006,0.00524528
Sudan,SDN,2007,0.105266717
Sudan,SDN,2008,0.107750422
Sudan,SDN,2011,0.04784397
Sudan,SDN,2012,0.066645429
Sudan,SDN,2013,0.067713604
Sudan,SDN,2014,0.053664935
Suriname,SUR,2002,0.019579295
Suriname,SUR,2003,0.044365299
Suriname,SUR,2004,0.085124667
Suriname,SUR,2005,0.221611417
Suriname,SUR,2006,0.525746953
Suriname,SUR,2007,0.823810373
Suriname,SUR,2009,1.743458426
Suriname,SUR,2010,2.884600731
Suriname,SUR,2011,4.371782747
Suriname,SUR,2012,5.47535175
Suriname,SUR,2013,6.878666953
Suriname,SUR,2014,8.530587857
Swaziland,SWZ,2008,0.066901863
Swaziland,SWZ,2009,0.128144176
Swaziland,SWZ,2011,0.661959363
Swaziland,SWZ,2012,0.278557415
Swaziland,SWZ,2013,0.336130688
Sweden,SWE,2000,2.806492669
Sweden,SWE,2001,6.604080534
Sweden,SWE,2002,9.426386431
Sweden,SWE,2003,12.24591954
Sweden,SWE,2004,15.69931776
Sweden,SWE,2005,27.928621
Sweden,SWE,2006,27.38271118
Sweden,SWE,2007,30.35539851
Sweden,SWE,2009,31.63264966
Sweden,SWE,2010,31.97017745
Sweden,SWE,2011,32.04011233
Sweden,SWE,2012,32.31072303
Sweden,SWE,2013,32.57301012
Sweden,SWE,2014,34.18676952
Switzerland,CHE,2000,0.78731927
Switzerland,CHE,2001,1.944233009
Switzerland,CHE,2002,6.286257108
Switzerland,CHE,2003,10.75408841
Switzerland,CHE,2004,16.71156362
Switzerland,CHE,2005,22.53077771
Switzerland,CHE,2006,27.40093879
Switzerland,CHE,2007,31.46964485
Switzerland,CHE,2008,33.40227742
Switzerland,CHE,2009,35.40334671
Switzerland,CHE,2010,37.20713045
Switzerland,CHE,2011,38.89147463
Switzerland,CHE,2012,40.16769702
Switzerland,CHE,2013,42.56208317
Switzerland,CHE,2014,45.96773482
Syria,SYR,2004,0.003394431
Syria,SYR,2005,0.014861812
Syria,SYR,2006,0.027748066
Syria,SYR,2007,0.035564799
Syria,SYR,2008,0.054334855
Syria,SYR,2009,0.164785794
Syria,SYR,2010,0.324237889
Syria,SYR,2011,0.55631068
Syria,SYR,2012,1.106247226
Syria,SYR,2013,1.580715297
Syria,SYR,2014,1.684897834
Tajikistan,TJK,2003,0.000153149
Tajikistan,TJK,2007,0.051258433
Tajikistan,TJK,2010,0.061620547
Tajikistan,TJK,2013,0.070664197
Tanzania,TZA,2005,0.00666849
Tanzania,TZA,2006,0.007505818
Tanzania,TZA,2007,0.008253953
Tanzania,TZA,2009,0.015918972
Tanzania,TZA,2010,0.016796621
Tanzania,TZA,2012,0.086484539
Tanzania,TZA,2013,0.114561256
Tanzania,TZA,2014,0.16667501
Thailand,THA,2001,0.002557514
Thailand,THA,2003,0.018004806
Thailand,THA,2004,0.253159598
Thailand,THA,2005,0.84731444
Thailand,THA,2006,1.356245111
Thailand,THA,2007,1.957326193
Thailand,THA,2009,3.959540618
Thailand,THA,2010,4.897195152
Thailand,THA,2011,5.850427446
Thailand,THA,2012,6.76648938
Thailand,THA,2013,7.748039255
Thailand,THA,2014,8.207673413
Timor,TLS,2003,0.000964249
Timor,TLS,2004,0.001344382
Timor,TLS,2005,0.002209681
Timor,TLS,2006,0.002848687
Timor,TLS,2007,0.004827625
Timor,TLS,2013,0.061789476
Togo,TGO,2007,0.020583375
Togo,TGO,2010,0.431730726
Togo,TGO,2012,0.624619144
Togo,TGO,2013,0.10143785
Togo,TGO,2014,0.114396123
Tonga,TON,2002,0.011101804
Tonga,TON,2003,0.022068191
Tonga,TON,2004,0.332937928
Tonga,TON,2005,0.638866878
Tonga,TON,2006,0.622927266
Tonga,TON,2007,0.762545337
Tonga,TON,2008,0.70036038
Tonga,TON,2011,1.243376628
Tonga,TON,2013,1.614082394
Tonga,TON,2014,1.701612751
Trinidad and Tobago,TTO,2002,0.013774504
Trinidad and Tobago,TTO,2003,0.068854431
Trinidad and Tobago,TTO,2004,0.328043156
Trinidad and Tobago,TTO,2005,0.832965157
Trinidad and Tobago,TTO,2006,1.581384573
Trinidad and Tobago,TTO,2007,2.709153919
Trinidad and Tobago,TTO,2009,9.834043847
Trinidad and Tobago,TTO,2010,12.26192403
Trinidad and Tobago,TTO,2011,12.92628661
Trinidad and Tobago,TTO,2012,15.05937841
Trinidad and Tobago,TTO,2013,15.84445003
Trinidad and Tobago,TTO,2014,17.46911812
Tunisia,TUN,2002,0.000266677
Tunisia,TUN,2003,0.002630156
Tunisia,TUN,2004,0.02854021
Tunisia,TUN,2005,0.174832202
Tunisia,TUN,2006,0.431534954
Tunisia,TUN,2007,0.93358609
Tunisia,TUN,2008,2.187642545
Tunisia,TUN,2009,3.54751939
Tunisia,TUN,2010,4.535475078
Tunisia,TUN,2011,5.201843231
Tunisia,TUN,2012,4.858327628
Tunisia,TUN,2013,4.860167062
Tunisia,TUN,2014,4.435841326
Turkey,TUR,2001,0.017028002
Turkey,TUR,2002,0.032611889
Turkey,TUR,2003,0.302288815
Turkey,TUR,2004,0.864575525
Turkey,TUR,2005,2.346761702
Turkey,TUR,2006,4.041720892
Turkey,TUR,2007,6.840281325
Turkey,TUR,2008,8.181747781
Turkey,TUR,2009,9.054167904
Turkey,TUR,2010,9.839762223
Turkey,TUR,2011,10.39078637
Turkey,TUR,2012,10.63415326
Turkey,TUR,2013,11.86851402
Turkey,TUR,2014,11.69133624
Turkmenistan,TKM,2010,0.014339562
Turkmenistan,TKM,2013,0.034350673
Tuvalu,TUV,2004,0.518349575
Tuvalu,TUV,2005,1.547348876
Tuvalu,TUV,2006,2.568845047
Tuvalu,TUV,2007,2.765260139
Tuvalu,TUV,2013,7.087889834
Uganda,UGA,2005,0.002959108
Uganda,UGA,2006,0.004072511
Uganda,UGA,2007,0.006052964
Uganda,UGA,2008,0.015098116
Uganda,UGA,2009,0.018256877
Uganda,UGA,2010,0.041191962
Uganda,UGA,2011,0.101041127
Uganda,UGA,2012,0.105651648
Uganda,UGA,2013,0.26850191
Uganda,UGA,2014,0.291932289
Ukraine,UKR,2005,0.27579809
Ukraine,UKR,2006,1.109420241
Ukraine,UKR,2007,1.714781176
Ukraine,UKR,2008,3.443722578
Ukraine,UKR,2009,4.123207433
Ukraine,UKR,2010,6.418779324
Ukraine,UKR,2011,6.921824579
Ukraine,UKR,2012,8.005667655
Ukraine,UKR,2013,8.834340341
Ukraine,UKR,2014,8.417094171
United Arab Emirates,ARE,1999,0.012682952
United Arab Emirates,ARE,2000,0.065194003
United Arab Emirates,ARE,2001,0.267360215
United Arab Emirates,ARE,2002,0.515885854
United Arab Emirates,ARE,2003,0.900110232
United Arab Emirates,ARE,2004,1.534606405
United Arab Emirates,ARE,2005,3.116983535
United Arab Emirates,ARE,2006,4.935147988
United Arab Emirates,ARE,2007,6.551272504
United Arab Emirates,ARE,2008,8.201308057
United Arab Emirates,ARE,2009,8.945263859
United Arab Emirates,ARE,2010,9.320790752
United Arab Emirates,ARE,2011,9.713822686
United Arab Emirates,ARE,2012,10.37393227
United Arab Emirates,ARE,2013,11.14829466
United Arab Emirates,ARE,2014,11.50834503
United Kingdom,GBR,2000,0.089717904
United Kingdom,GBR,2001,0.559207326
United Kingdom,GBR,2002,2.282410886
United Kingdom,GBR,2003,5.215760543
United Kingdom,GBR,2004,10.20921405
United Kingdom,GBR,2005,16.41801435
United Kingdom,GBR,2006,21.46619152
United Kingdom,GBR,2007,40.65254002
United Kingdom,GBR,2008,28.22289871
United Kingdom,GBR,2009,28.97405523
United Kingdom,GBR,2010,30.85650759
United Kingdom,GBR,2011,32.98080381
United Kingdom,GBR,2012,34.54060538
United Kingdom,GBR,2013,36.49218559
United Kingdom,GBR,2014,37.37610065
United States,USA,1998,0.253871909
United States,USA,1999,0.978713139
United States,USA,2000,2.484192986
United States,USA,2001,4.449168654
United States,USA,2002,6.849325177
United States,USA,2003,9.47284105
United States,USA,2004,12.6409914
United States,USA,2005,17.15701483
United States,USA,2006,20.01632123
United States,USA,2007,23.60339927
United States,USA,2008,25.15186724
United States,USA,2009,25.84623436
United States,USA,2010,27.06894497
United States,USA,2011,28.04499973
United States,USA,2012,29.13778444
United States,USA,2013,30.00493209
United States,USA,2014,30.37388771
United States Virgin Islands,VIR,2004,1.373641631
United States Virgin Islands,VIR,2005,2.753136367
United States Virgin Islands,VIR,2007,5.538855073
Uruguay,URY,2004,0.812317868
Uruguay,URY,2005,1.4597515
Uruguay,URY,2006,3.200452103
Uruguay,URY,2007,4.94305029
Uruguay,URY,2008,7.301834813
Uruguay,URY,2009,9.447716677
Uruguay,URY,2010,11.37458622
Uruguay,URY,2011,13.9759999
Uruguay,URY,2012,17.10237794
Uruguay,URY,2013,21.63382997
Uruguay,URY,2014,24.57842088
Uzbekistan,UZB,2003,0.010788948
Uzbekistan,UZB,2004,0.021385026
Uzbekistan,UZB,2005,0.031757306
Uzbekistan,UZB,2006,0.032797159
Uzbekistan,UZB,2007,0.071918842
Uzbekistan,UZB,2008,0.244086563
Uzbekistan,UZB,2009,0.323935676
Uzbekistan,UZB,2012,0.772824116
Uzbekistan,UZB,2013,1.058612429
Vanuatu,VUT,2003,0.007539507
Vanuatu,VUT,2004,0.011267054
Vanuatu,VUT,2005,0.028179104
Vanuatu,VUT,2006,0.04425727
Vanuatu,VUT,2007,0.05909064
Vanuatu,VUT,2009,0.216606811
Vanuatu,VUT,2011,0.139384063
Vanuatu,VUT,2012,0.125373086
Vanuatu,VUT,2013,0.122644533
Vanuatu,VUT,2014,1.768866555
Venezuela,VEN,2000,0.018326294
Venezuela,VEN,2001,0.1473074
Venezuela,VEN,2002,0.308487274
Venezuela,VEN,2003,0.45352563
Venezuela,VEN,2004,0.800450823
Venezuela,VEN,2005,1.332782207
Venezuela,VEN,2006,1.97723634
Venezuela,VEN,2007,3.101728211
Venezuela,VEN,2008,3.96553566
Venezuela,VEN,2009,4.903425248
Venezuela,VEN,2010,5.760629747
Venezuela,VEN,2011,6.154574691
Venezuela,VEN,2012,6.799278326
Venezuela,VEN,2013,7.345554332
Venezuela,VEN,2014,7.821714601
Vietnam,VNM,2002,0.001303489
Vietnam,VNM,2003,0.011013454
Vietnam,VNM,2004,0.062636473
Vietnam,VNM,2005,0.247238741
Vietnam,VNM,2006,0.602429513
Vietnam,VNM,2007,1.495162495
Vietnam,VNM,2010,4.120638136
Vietnam,VNM,2013,5.620190888
Vietnam,VNM,2014,6.483694578
Yemen,YEM,2005,0.00743806
Yemen,YEM,2006,0.013459677
Yemen,YEM,2007,0.051930488
Yemen,YEM,2010,0.369019771
Yemen,YEM,2011,0.467726727
Yemen,YEM,2012,0.70139666
Yemen,YEM,2013,1.052140744
Zambia,ZMB,2000,0.000207901
Zambia,ZMB,2001,0.000299166
Zambia,ZMB,2002,0.000451747
Zambia,ZMB,2003,0.000835282
Zambia,ZMB,2004,0.002237207
Zambia,ZMB,2005,0.002179595
Zambia,ZMB,2006,0.019852971
Zambia,ZMB,2007,0.03303159
Zambia,ZMB,2008,0.045783227
Zambia,ZMB,2009,0.083446192
Zambia,ZMB,2011,0.120399337
Zambia,ZMB,2012,0.106564082
Zambia,ZMB,2013,0.095793004
Zambia,ZMB,2014,0.141621711
Zimbabwe,ZWE,2001,0.006125483
Zimbabwe,ZWE,2002,0.022522091
Zimbabwe,ZWE,2003,0.050390185
Zimbabwe,ZWE,2004,0.070644976
Zimbabwe,ZWE,2005,0.08013004
Zimbabwe,ZWE,2006,0.08016153
Zimbabwe,ZWE,2007,0.119386256
Zimbabwe,ZWE,2008,0.14080055
Zimbabwe,ZWE,2009,0.365662967
Zimbabwe,ZWE,2010,0.252351881
Zimbabwe,ZWE,2011,0.25451506
Zimbabwe,ZWE,2012,0.523924068
Zimbabwe,ZWE,2013,0.734406962
Zimbabwe,ZWE,2014,1.042746839